{
  "project_info": {
    "project_number": "852308670085",
    "project_id": "agenda-l4az29",
    "storage_bucket": "agenda-l4az29.appspot.com"
  },
  "client": [
    {
      "client_info": {
        "mobilesdk_app_id": "1:852308670085:android:53bc40a6b053b3747fdbec",
        "android_client_info": {
          "package_name": "schedule.manager"
        }
      },
      "oauth_client": [],
      "api_key": [
        {
          "current_key": "AIzaSyA7TEQ0grMPiiqcZCj9xIW0gaeT4yb6D4o"
        }
      ],
      "services": {
        "appinvite_service": {
          "other_platform_oauth_client": []
        }
      }
    }
  ],
  "configuration_version": "1"
}